Time,Site,BatteryToGrid,BatteryToSite,GridToBattery,GridToSite,PvToGrid,PvToBattery,PvToSite
2025-09-21,Zu hause,5.050079345703125,0.0,0.0,0.2199993133544922,2.549896240234375,6.899993896484375,11.70001220703125
2025-09-22,Zu hause,0.2000732421875,6.389923095703125,5.9000244140625,0.0,0.0,0.0,11.110107421875
2025-09-23,Zu hause,6.01995849609375,0.0,0.0,0.20000076293945312,0.27996826171875,6.5,11.89996337890625
2025-09-24,Zu hause,6.85009765625,0.0,0.0,0.23999977111816406,9.8499755859375,5.29998779296875,12.60003662109375
2025-09-25,Zu hause,5.929931640625,0.0,0.0,0.26000022888183594,1.1700439453125,6.20001220703125,10.20001220703125
2025-09-26,Zu hause,0.0999755859375,5.9000244140625,1.199981689453125,0.0,0.0,0.0,4.77978515625
2025-09-27,Zu hause,0.0,0.0,1.769998550415039,0.0,0.0,5.2099609375,13.800048828125
2025-09-28,Zu hause,0.0,0.0,0.3800010681152344,0.0,0.0,3.70001220703125,11.29998779296875
2025-09-29,Zu hause,6.73992919921875,0.0,0.0,0.1999988555908203,12.26007080078125,5.0,11.79998779296875
2025-09-30,Zu hause,0.0,0.0,0.2700004577636719,0.0,0.0,3.45013427734375,12.70001220703125
2025-10-01,Zu hause,1.5999755859375,6.190032958984375,6.100006103515625,0.0,0.0,0.0,12.39990234375
2025-10-02,Zu hause,6.58013916015625,0.0,0.0,0.15000152587890625,5.91986083984375,8.20001220703125,13.300048828125
2025-10-03,Zu hause,5.849761962890625,0.0,0.0,0.12999916076660156,10.250213623046875,5.699981689453125,10.39990234375
2025-10-04,Zu hause,0.199951171875,7.230072021484375,5.100006103515625,0.0,0.0,0.0,9.56005859375
2025-10-05,Zu hause,0.300048828125,7.029937744140625,6.300018310546875,0.0,0.0,0.0,11.43994140625
2025-10-06,Zu hause,0.0,0.0,0.4699993133544922,0.0,0.0,2.5899658203125,11.0999755859375
2025-10-07,Zu hause,0.10009765625,5.89990234375,2.0,0.0,0.0,0.0,5.610107421875
2025-10-08,Zu hause,0.0,3.720001220703125,2.0999755859375,1.810150146484375,0.0,0.0,6.169921875
2025-10-09,Zu hause,0.0999755859375,3.250030517578125,4.5,0.0,0.0,0.0,9.469970703125
2025-10-10,Zu hause,0.0,0.0,1.519998550415039,0.0,0.0,0.5301513671875,14.7999267578125
2025-10-11,Zu hause,0.0,0.0,0.8199996948242188,0.0,0.0,0.239990234375,14.800048828125
2025-10-12,Zu hause,0.199951171875,6.080047607421875,2.20001220703125,0.0,0.0,0.0,5.789794921875
2025-10-13,Zu hause,0.10009765625,5.30987548828125,7.29998779296875,0.0,0.0,0.0,12.02001953125
2025-10-14,Zu hause,0.0999755859375,5.810028076171875,3.10003662109375,0.0,0.0,0.0,7.39013671875
2025-10-15,Zu hause,0.199951171875,3.6900634765625,3.699951171875,0.0,0.0,0.0,9.02001953125
2025-10-16,Zu hause,0.0999755859375,5.239990234375,5.800048828125,0.0,0.0,0.0,10.409912109375
2025-10-17,Zu hause,0.0,5.10003662109375,4.0,0.09991455078125,0.0,0.0,8.699951171875
2025-10-18,Zu hause,0.0,5.64996337890625,5.199951171875,2.23016357421875,0.0,0.0,10.719970703125
2025-10-19,Zu hause,0.0999755859375,3.72003173828125,8.10003662109375,0.0,0.0,0.0,12.97021484375
2025-10-20,Zu hause,0.0,7.6600341796875,4.5999755859375,0.0,0.0,0.0,9.519775390625
2025-10-21,Zu hause,0.0999755859375,4.47003173828125,4.20001220703125,0.0,0.0,0.0,8.02001953125
2025-10-22,Zu hause,0.0,4.19000244140625,2.9000244140625,0.59991455078125,0.0,0.0,7.110107421875
2025-10-23,Zu hause,0.0,3.25,3.0999755859375,1.5001220703125,0.0,0.0,7.449951171875
2025-10-24,Zu hause,0.2000732421875,4.64990234375,4.79998779296875,0.0,0.0,0.0,8.610107421875
2025-10-25,Zu hause,0.5999755859375,4.70001220703125,8.79998779296875,0.0,0.0,0.0,14.719970703125
2025-10-26,Zu hause,0.0,4.6400146484375,0.9000244140625,7.6800537109375,0.0,0.0,4.8798828125
2025-10-27,Zu hause,0.0,3.030029296875,2.5,11.35986328125,0.0,0.0,8.41015625
2025-10-28,Zu hause,0.0,3.12994384765625,3.29998779296875,10.30999755859375,0.0,0.0,8.260009765625
2025-10-29,Zu hause,0.0,1.6300048828125,0.9000244140625,13.0499267578125,0.0,0.0,5.52001953125
2025-10-30,Zu hause,0.0,3.23004150390625,3.5,4.90008544921875,0.0,0.0,8.869873046875
2025-10-31,Zu hause,2.7000732421875,5.07989501953125,8.20001220703125,0.0,0.0,0.0,16.300048828125
2025-11-01,Zu hause,0.0,2.54998779296875,1.5999755859375,12.28997802734375,0.0,0.0,7.760009765625
2025-11-02,Zu hause,0.0,0.0,0.20001220703125,14.989990234375,0.0,0.0,2.7099609375
2025-11-03,Zu hause,0.199951171875,5.38006591796875,7.70001220703125,0.0,0.0,0.0,13.550048828125
2025-11-04,Zu hause,0.0999755859375,8.10003662109375,6.0,0.0,0.0,0.0,11.579833984375
2025-11-05,Zu hause,0.10009765625,5.93988037109375,7.199951171875,0.0,0.0,0.0,12.60009765625
2025-11-06,Zu hause,0.0999755859375,7.760009765625,5.9000244140625,0.0,0.0,0.0,11.760009765625
2025-11-07,Zu hause,0.0,6.050048828125,5.9000244140625,2.179931640625,0.0,0.0,11.969970703125
2025-11-08,Zu hause,0.0999755859375,6.280029296875,7.39996337890625,0.0,0.0,0.0,14.35009765625
2025-11-09,Zu hause,0.0,2.54998779296875,1.0,14.40008544921875,0.0,0.0,6.449951171875
2025-11-10,Zu hause,0.0,0.42999267578125,0.60003662109375,16.85003662109375,0.0,0.0,4.219970703125
2025-11-11,Zu hause,0.0,5.83001708984375,5.0,6.58001708984375,0.0,0.0,11.989990234375
2025-11-12,Zu hause,0.0,5.6199951171875,7.0,0.3800048828125,0.0,0.0,13.0
2025-11-13,Zu hause,0.0,6.5899658203125,5.199951171875,1.919921875,0.0,0.0,10.590087890625
2025-11-14,Zu hause,0.0,4.70001220703125,4.60003662109375,3.80987548828125,0.0,0.0,9.7900390625
2025-11-15,Zu hause,0.0,0.53997802734375,0.5,10.43011474609375,0.0,0.0,4.22998046875
2025-11-16,Zu hause,0.0,0.11004638671875,0.0999755859375,12.69989013671875,0.0,0.0,2.989990234375
2025-11-17,Zu hause,0.0,0.19000244140625,0.20001220703125,18.73016357421875,0.0,0.0,2.579833984375
2025-11-18,Zu hause,0.0,2.6300048828125,2.0,15.97998046875,0.0,0.0,8.2900390625
2025-11-19,Zu hause,0.0,3.0,2.29998779296875,18.239990234375,0.0,0.0,7.760009765625
2025-11-20,Zu hause,0.0,0.0,0.10003662109375,27.9400634765625,0.0,0.0,2.760009765625
2025-11-21,Zu hause,0.0,1.3699951171875,1.0999755859375,23.7999267578125,0.0,0.0,7.830078125
2025-11-22,Zu hause,0.0,5.04998779296875,4.4000244140625,16.15008544921875,0.0,0.0,12.89990234375
2025-11-23,Zu hause,0.0,2.219970703125,2.0,25.1099853515625,0.0,0.0,11.27001953125
2025-11-24,Zu hause,0.0,1.52001953125,1.79998779296875,34.0098876953125,0.0,0.0,8.570068359375
2025-11-25,Zu hause,0.0,0.0,0.0999755859375,25.77001953125,0.0,0.0,3.530029296875
2025-11-26,Zu hause,0.0,0.0,0.20001220703125,24.570068359375,0.0,0.0,2.22998046875
2025-11-27,Zu hause,0.0,0.0,0.0999755859375,25.97998046875,0.0,0.0,3.119873046875
2025-11-28,Zu hause,0.0,0.0,0.20001220703125,28.590087890625,0.0,0.0,3.010009765625
2025-11-29,Zu hause,0.0,0.0,0.10003662109375,25.610107421875,0.0,0.0,2.989990234375
2025-11-30,Zu hause,0.0,1.84002685546875,1.29998779296875,13.66973876953125,0.0,0.0,7.090087890625
2025-12-01,Zu hause,0.0,0.0,0.20001220703125,19.47998046875,0.0,0.0,3.719970703125
2025-12-02,Zu hause,0.0,2.0899658203125,2.199951171875,18.7698974609375,0.0,0.0,8.64013671875
2025-12-03,Zu hause,0.0,0.0,0.20001220703125,27.790283203125,0.0,0.0,3.10986328125
2025-12-04,Zu hause,0.0,0.0,0.20001220703125,23.85986328125,0.0,0.0,2.64013671875
2025-12-05,Zu hause,0.0,2.6400146484375,2.79998779296875,17.2601318359375,0.0,0.0,7.7998046875
2025-12-06,Zu hause,0.0,0.45001220703125,0.60003662109375,23.12005615234375,0.0,0.0,6.030029296875
2025-12-07,Zu hause,0.0,0.0,0.0999755859375,23.81982421875,0.0,0.0,2.47998046875
2025-12-08,Zu hause,0.0,0.0,0.20001220703125,23.219970703125,0.0,0.0,3.280029296875
2025-12-09,Zu hause,0.0,0.14996337890625,0.29998779296875,16.49017333984375,0.0,0.0,2.760009765625
2025-12-10,Zu hause,0.0,6.2900390625,0.0999755859375,4.889892578125,0.0,0.0,6.719970703125
2025-12-11,Zu hause,0.0,2.44000244140625,0.20001220703125,14.23992919921875,0.0,0.0,2.820068359375
2025-12-12,Zu hause,0.0,3.6099853515625,2.79998779296875,16.3399658203125,0.0,0.0,8.35009765625
2025-12-13,Zu hause,0.0,0.82000732421875,1.300048828125,17.19024658203125,0.0,0.0,6.289794921875
2025-12-14,Zu hause,0.0,0.0,0.0999755859375,25.869873046875,0.0,0.0,2.130126953125
2025-12-15,Zu hause,0.0,0.8699951171875,0.29998779296875,23.0501708984375,0.0,0.0,4.3798828125
2025-12-16,Zu hause,0.0,3.3599853515625,2.5,17.2198486328125,0.0,0.0,7.920166015625
2025-12-17,Zu hause,0.0,0.80999755859375,0.79998779296875,19.60015869140625,0.0,0.0,6.289794921875
2025-12-18,Zu hause,0.0,0.0,0.10003662109375,24.79998779296875,0.0,0.0,2.97021484375
2025-12-19,Zu hause,0.0,2.03997802734375,1.29998779296875,16.08990478515625,0.0,0.0,5.969970703125
2025-12-20,Zu hause,0.0,0.9100341796875,0.29998779296875,17.5499267578125,0.0,0.0,3.0400390625
2025-12-21,Zu hause,0.0,0.0,0.20001220703125,24.85009765625,0.0,0.0,3.349853515625
2025-12-22,Zu hause,0.0,0.28997802734375,0.5999755859375,19.29010009765625,0.0,0.0,4.919921875
2025-12-23,Zu hause,0.0,0.92999267578125,0.300048828125,22.73992919921875,0.0,0.0,5.730224609375
2025-12-24,Zu hause,0.0,0.0,0.0,28.550048828125,0.0,0.0,2.0498046875
2025-12-25,Zu hause,0.0,1.46002197265625,0.89996337890625,31.99993896484375,0.0,0.0,8.340087890625
2025-12-26,Zu hause,0.0,0.0,0.0,39.630126953125,0.0,0.0,4.969970703125
2025-12-27,Zu hause,0.0,0.83001708984375,0.4000244140625,41.30010986328125,0.0,0.0,8.669921875
2025-12-28,Zu hause,0.0,1.7099609375,0.89996337890625,30.40966796875,0.0,0.0,7.68017578125
2025-12-29,Zu hause,0.0,1.92999267578125,1.300048828125,23.93011474609375,0.0,0.0,8.43994140625
2025-12-30,Zu hause,0.0,0.0,0.199951171875,37.929931640625,0.0,0.0,2.570068359375
2025-12-31,Zu hause,0.0,1.510009765625,2.0,28.110107421875,0.0,0.0,7.97998046875
2026-01-01,Zu hause,0.0,0.0,0.20001220703125,32.070068359375,0.0,0.0,4.22998046875
2026-01-02,Zu hause,0.0,0.0,0.20001220703125,34.3701171875,0.0,0.0,2.1298828125
2026-01-03,Zu hause,0.0,0.9200439453125,1.0999755859375,31.1798095703125,0.0,0.0,7.300048828125
2026-01-04,Zu hause,0.0,0.0,0.10003662109375,42.809814453125,0.0,0.0,4.090087890625
2026-01-05,Zu hause,0.0,0.0,0.0,38.080322265625,0.0,0.0,3.619873046875
2026-01-06,Zu hause,0.0,0.0,0.0999755859375,43.33984375,0.0,0.0,1.9599609375
2026-01-07,Zu hause,0.0,0.0,0.10003662109375,42.1298828125,0.0,0.0,2.3701171875
2026-01-08,Zu hause,0.0,0.0,0.0999755859375,44.76025390625,0.0,0.0,2.139892578125
2026-01-09,Zu hause,0.0,0.0,0.20001220703125,36.25,0.0,0.0,1.75
2026-01-10,Zu hause,0.0,0.0,0.20001220703125,33.449951171875,0.0,0.0,1.85009765625
2026-01-11,Zu hause,0.0,0.0,0.0999755859375,41.10009765625,0.0,0.0,0.89990234375
2026-01-12,Zu hause,0.0,0.0,0.20001220703125,45.929931640625,0.0,0.0,5.570068359375
2026-01-13,Zu hause,0.0,0.0,0.0999755859375,35.199951171875,0.0,0.0,2.300048828125
2026-01-14,Zu hause,0.0,8.199951171875,0.20001220703125,11.840087890625,0.0,0.0,4.85986328125
2026-01-15,Zu hause,0.0,0.0,0.0,21.669921875,0.0,0.0,1.830078125
2026-01-16,Zu hause,0.0,0.5400390625,0.29998779296875,21.179931640625,0.0,0.0,3.080078125
2026-01-17,Zu hause,0.0,0.3599853515625,0.4000244140625,19.8399658203125,0.0,0.0,3.300048828125
2026-01-18,Zu hause,0.0,4.6300048828125,4.0999755859375,7.5899658203125,0.0,0.0,10.47998046875
2026-01-19,Zu hause,0.0,2.25,1.9000244140625,21.659912109375,0.0,0.0,9.7900390625
2026-01-20,Zu hause,0.0,1.46002197265625,1.20001220703125,23.92010498046875,0.0,0.0,8.719970703125
2026-01-21,Zu hause,0.0,2.40997314453125,2.199951171875,24.43011474609375,0.0,0.0,11.559814453125
2026-01-22,Zu hause,0.0,1.1099853515625,0.800048828125,23.4500732421875,0.0,0.0,8.340087890625
2026-01-23,Zu hause,0.0,3.54998779296875,3.39996337890625,19.13970947265625,0.0,0.0,12.110107421875
2026-01-24,Zu hause,0.0,2.74005126953125,2.5,19.69012451171875,0.0,0.0,9.369873046875
2026-01-25,Zu hause,0.0,4.6199951171875,4.4000244140625,16.7498779296875,0.0,0.0,12.630126953125
2026-01-26,Zu hause,0.0,0.0,0.0,31.030029296875,0.0,0.0,5.349853515625
2026-01-27,Zu hause,0.0,0.0,0.0999755859375,37.4296875,0.0,0.0,2.170166015625
2026-01-28,Zu hause,0.0,0.0,0.0,31.2099609375,0.0,0.0,4.669921875
2026-01-29,Zu hause,0.0,0.0,0.20001220703125,30.560302734375,0.0,0.0,2.340087890625
2026-01-30,Zu hause,0.0,0.0,0.0,38.14990234375,0.0,0.0,2.039794921875
2026-01-31,Zu hause,0.0,1.26995849609375,1.4000244140625,28.05010986328125,0.0,0.0,8.380126953125
2026-02-01,Zu hause,0.0,0.5400390625,0.39996337890625,26.27001953125,0.0,0.0,5.58984375
2026-02-02,Zu hause,0.0,0.92999267578125,0.70001220703125,21.94989013671875,0.0,0.0,8.1201171875
2026-02-03,Zu hause,0.0,7.72998046875,4.4000244140625,7.460205078125,0.0,0.0,13.510009765625
2026-02-04,Zu hause,0.0,0.0,0.0,30.320068359375,0.0,0.0,4.760009765625
2026-02-05,Zu hause,0.0,6.25,6.39996337890625,9.06005859375,0.0,0.0,14.7900390625
2026-02-06,Zu hause,0.0,1.4100341796875,1.20001220703125,21.8802490234375,0.0,0.0,7.909912109375
2026-02-07,Zu hause,0.0,0.0,0.0,27.33984375,0.0,0.0,5.1201171875
2026-02-08,Zu hause,0.0,6.16998291015625,6.4000244140625,1.37005615234375,0.0,0.0,16.4599609375
2026-02-09,Zu hause,0.0,1.5,0.0,22.919921875,0.0,0.0,6.050048828125
2026-02-10,Zu hause,0.0,4.5999755859375,4.5999755859375,14.0499267578125,0.0,0.0,13.75
2026-02-11,Zu hause,0.0,2.17999267578125,1.79998779296875,19.62005615234375,0.0,0.0,7.199951171875
2026-02-12,Zu hause,0.0,1.58001708984375,1.20001220703125,18.17999267578125,0.0,0.0,5.239990234375
2026-02-13,Zu hause,0.0,0.96002197265625,0.70001220703125,17.66009521484375,0.0,0.0,4.8798828125
2026-02-14,Zu hause,0.0,2.15997314453125,1.79998779296875,15.29022216796875,0.0,0.0,8.75
2026-02-15,Zu hause,0.0,0.0,0.0,31.989990234375,0.0,0.0,2.469970703125
2026-02-16,Zu hause,0.0,8.1099853515625,6.79998779296875,13.5194091796875,0.0,0.0,17.47021484375
2026-02-17,Zu hause,0.0,2.1800537109375,1.9000244140625,21.4005126953125,0.0,0.0,7.31982421875
2026-02-18,Zu hause,0.0,1.04998779296875,0.79998779296875,25.87969970703125,0.0,0.0,7.3701171875
2026-02-19,Zu hause,0.0,4.0899658203125,3.9000244140625,13.8699951171875,0.0,0.0,14.0400390625
2026-02-20,Zu hause,0.0,0.0,0.0999755859375,31.159912109375,0.0,0.0,5.239990234375
2026-02-21,Zu hause,0.0,0.0,0.0,27.22021484375,0.0,0.0,4.97998046875
2026-02-22,Zu hause,0.0,1.77001953125,1.70001220703125,15.2900390625,0.0,0.0,7.93994140625
2026-02-23,Zu hause,0.0,0.66998291015625,0.5,19.55999755859375,0.0,0.0,4.169921875
2026-02-24,Zu hause,0.0,2.3800048828125,2.0,11.8800048828125,0.0,0.0,8.340087890625
2026-02-25,Zu hause,0.0,1.3599853515625,1.0999755859375,14.5902099609375,0.0,0.0,6.14990234375
2026-02-26,Zu hause,0.0,0.0,7.739990234375,0.0,0.0,3.2802734375,18.69970703125
2026-02-27,Zu hause,0.0,0.0,3.409912109375,0.0,0.0,4.0498046875,16.2001953125
2026-02-28,Zu hause,0.0,0.0,2.699951171875,0.0,0.0,4.110107421875,18.0
2026-03-01,Zu hause,0.9000244140625,7.719970703125,8.300048828125,0.0,0.0,0.0,14.9599609375
2026-03-02,Zu hause,0.0,0.0,7.02001953125,0.0,0.0,0.260009765625,23.10009765625
2026-03-03,Zu hause,0.0,0.0,7.35986328125,0.0,0.0,2.619873046875,22.10009765625
2026-03-04,Zu hause,0.0,0.0,5.989990234375,0.0,0.0,5.56005859375,18.2998046875
2026-03-05,Zu hause,0.0,0.0,3.47998046875,0.0,0.0,2.710205078125,21.0
2026-03-06,Zu hause,0.0,0.0,5.75,0.0,0.0,7.639404296875,17.900390625
2026-03-07,Zu hause,0.0,0.0,3.460205078125,0.0,0.0,5.320556640625,17.099609375
2026-03-08,Zu hause,0.0,0.0,3.1298828125,0.0,0.0,1.019775390625,20.7001953125
2026-03-09,Zu hause,0.0,0.0,3.489990234375,0.0,0.0,3.83984375,21.0
2026-03-10,Zu hause,0.0,0.0,2.93994140625,0.0,0.0,5.270263671875,18.89990234375
2026-03-11,Zu hause,0.2000732421875,7.7999267578125,8.5,0.0,0.0,0.0,15.030029296875
2026-03-12,Zu hause,0.0,4.22998046875,1.60003662109375,9.099853515625,0.0,0.0,6.969970703125
2026-03-13,Zu hause,0.0,0.0,7.530029296875,0.0,0.0,3.089599609375,23.30029296875
2026-03-14,Zu hause,0.0,3.05999755859375,0.79998779296875,13.02984619140625,0.0,0.0,6.7099609375
2026-03-15,Zu hause,0.0,0.90997314453125,0.70001220703125,18.68035888671875,0.0,0.0,8.7099609375
2026-03-16,Zu hause,5.300048828125,2.3299560546875,7.20001220703125,0.0,0.0,0.0,20.490234375
2026-03-17,Zu hause,5.5999755859375,3.06005859375,9.5,0.0,0.0,0.0,24.06005859375
2026-03-18,Zu hause,0.0,5.2099609375,4.89996337890625,2.89013671875,0.0,0.0,12.5
2026-03-19,Zu hause,11.33026123046875,0.0,0.0,6.39013671875,1.86968994140625,8.10003662109375,19.39990234375
2026-03-20,Zu hause,10.37982177734375,0.0,0.0,4.050048828125,0.82025146484375,8.39996337890625,19.2001953125
2026-03-21,Zu hause,0.0,0.0,3.389892578125,0.0,0.0,6.330078125,20.7998046875
2026-03-22,Zu hause,13.3402099609375,0.0,0.0,4.219970703125,0.35986328125,8.0,23.7998046875
2026-03-23,Zu hause,10.78009033203125,0.0,0.0,5.2099609375,2.21990966796875,8.20001220703125,20.2001953125
2026-03-24,Zu hause,12.0699462890625,0.0,0.0,3.4501953125,1.22998046875,8.0,19.2001953125
2026-03-25,Zu hause,0.0,0.0,5.31982421875,0.0,0.0,2.740234375,19.19970703125
2026-03-26,Zu hause,0.199951171875,9.98004150390625,7.10003662109375,0.0,0.0,0.0,15.81005859375
2026-03-27,Zu hause,5.199951171875,2.50006103515625,9.89996337890625,0.0,0.0,0.0,27.39013671875
2026-03-28,Zu hause,15.3702392578125,0.0,0.0,7.760009765625,0.829833984375,8.800048828125,27.60009765625
2026-03-29,Zu hause,0.4000244140625,6.050048828125,7.5999755859375,0.0,0.0,0.0,13.86962890625
2026-03-30,Zu hause,11.8297119140625,0.0,0.0,3.89990234375,5.270263671875,8.300048828125,19.0
2026-03-31,Zu hause,11.9801025390625,0.0,0.0,4.080078125,1.419921875,8.0,18.5
2026-04-01,Zu hause,3.39990234375,3.5802001953125,8.199951171875,0.0,0.0,0.0,19.06982421875
2026-04-02,Zu hause,11.16015625,0.0,0.0,3.2900390625,12.7398681640625,8.0999755859375,18.7001953125
2026-04-03,Zu hause,0.7000732421875,7.8399658203125,5.5999755859375,0.0,0.0,0.0,13.2900390625
2026-04-04,Zu hause,0.0,0.0,5.97998046875,0.0,0.0,5.85009765625,18.39990234375
2026-04-05,Zu hause,0.39990234375,7.960205078125,8.300048828125,0.0,0.0,0.0,15.1298828125
2026-04-06,Zu hause,0.2000732421875,9.7999267578125,9.699951171875,0.0,0.0,0.0,17.97021484375
2026-04-07,Zu hause,11.0302734375,0.0,0.0,3.419921875,9.4697265625,8.10009765625,20.5
2026-04-08,Zu hause,9.0595703125,0.0,0.0,2.989990234375,14.9404296875,8.89990234375,16.39990234375
2026-04-09,Zu hause,9.520263671875,0.0,0.0,0.260009765625,16.6796875,8.10009765625,17.60009765625
2026-04-10,Zu hause,8.340087890625,0.0,0.0,1.619873046875,8.56005859375,8.5,15.39990234375
2026-04-11,Zu hause,0.0,0.0,0.260009765625,0.0,0.0,4.6298828125,18.7001953125
2026-04-12,Zu hause,10.0196533203125,0.0,0.0,2.489990234375,6.6802978515625,9.0999755859375,18.7998046875
2026-04-13,Zu hause,0.0,0.0,1.02001953125,0.0,0.0,4.7900390625,20.0
2026-04-14,Zu hause,0.0,6.5999755859375,2.300048828125,3.7901611328125,0.0,0.0,10.40966796875
2026-04-15,Zu hause,10.4803466796875,0.0,0.0,6.0,15.3197021484375,7.9000244140625,18.80029296875
2026-04-16,Zu hause,7.669921875,0.0,0.0,2.059814453125,16.130126953125,8.199951171875,16.60009765625
2026-04-17,Zu hause,7.459716796875,0.0,0.0,0.31005859375,10.440185546875,7.199951171875,13.2998046875
2026-04-18,Zu hause,9.91015625,0.0,0.0,1.080078125,8.489990234375,7.800048828125,19.89990234375
2026-04-19,Zu hause,6.9298095703125,0.0,0.0,0.85986328125,5.1700439453125,8.0999755859375,12.60009765625
2026-04-20,Zu hause,9.6402587890625,0.0,0.0,0.530029296875,5.9598388671875,8.4000244140625,16.7001953125
2026-04-21,Zu hause,9.56005859375,0.0,0.0,1.8701171875,5.739990234375,9.800048828125,19.0
2026-04-22,Zu hause,9.859375,0.0,0.0,0.8798828125,10.4404296875,8.39990234375,17.69970703125
2026-04-23,Zu hause,7.990478515625,0.0,0.0,1.150146484375,20.509521484375,8.300048828125,16.80029296875
2026-04-24,Zu hause,8.490234375,0.0,0.0,0.18994140625,20.809814453125,8.199951171875,17.0
2026-04-25,Zu hause,9.7896728515625,0.0,0.0,1.550048828125,10.9102783203125,8.7000732421875,17.2998046875
2026-04-26,Zu hause,10.0201416015625,0.0,0.0,1.570068359375,4.2799072265625,8.5999755859375,18.0
2026-04-27,Zu hause,6.5699462890625,0.0,0.0,0.179931640625,22.3302001953125,8.5999755859375,14.5
2026-04-28,Zu hause,8.0799560546875,0.0,0.0,0.18994140625,15.2198486328125,7.5999755859375,17.60009765625
2026-04-29,Zu hause,6.85009765625,0.0,0.0,0.2099609375,20.85009765625,8.0,14.89990234375
2026-04-30,Zu hause,8.09033203125,0.0,0.0,0.170166015625,24.8095703125,7.60009765625,14.7001953125
2026-05-01,Zu hause,6.8697509765625,0.0,0.0,0.219970703125,24.2303466796875,8.2999267578125,15.5
2026-05-02,Zu hause,10.72998046875,0.0,0.0,0.869873046875,19.27001953125,9.0,19.5
2026-05-03,Zu hause,5.3499755859375,0.0,0.0,0.169921875,12.9498291015625,6.2000732421875,13.39990234375
2026-05-04,Zu hause,6.8701171875,0.0,0.0,0.170166015625,7.330078125,8.0,13.5
2026-05-05,Zu hause,8.3399658203125,0.0,0.0,0.25,4.4598388671875,6.7999267578125,15.60009765625
2026-05-06,Zu hause,0.2001953125,7.039794921875,6.0999755859375,0.0,0.0,0.0,11.8603515625
2026-05-07,Zu hause,0.0,5.3599853515625,3.4000244140625,3.4305419921875,0.0,0.0,10.10986328125
2026-05-08,Zu hause,8.7296142578125,0.0,0.0,5.39990234375,15.5704345703125,8.5999755859375,16.19970703125
2026-05-09,Zu hause,7.670654296875,0.0,0.0,0.2099609375,6.829345703125,8.800048828125,16.2001953125
2026-05-10,Zu hause,4.589111328125,0.0,0.0,0.080078125,31.310791015625,4.699951171875,12.69970703125
2026-05-11,Zu hause,5.370361328125,0.0,0.0,0.169921875,22.9296875,6.60009765625,11.2001953125
2026-05-12,Zu hause,5.1805419921875,0.0,0.0,0.130126953125,4.4195556640625,4.5999755859375,10.7001953125
2026-05-13,Zu hause,4.9798583984375,0.0,0.0,0.2099609375,7.7200927734375,6.2999267578125,12.5
2026-05-14,Zu hause,7.349609375,0.0,0.0,0.22998046875,3.55029296875,6.60009765625,14.39990234375
2026-05-15,Zu hause,4.9202880859375,0.0,0.0,0.179931640625,15.1798095703125,5.0999755859375,11.10009765625
2026-05-16,Zu hause,6.1900634765625,0.0,0.0,0.090087890625,18.8099365234375,4.7999267578125,13.5
2026-05-17,Zu hause,5.7398681640625,0.0,0.0,0.119873046875,14.5601806640625,7.7000732421875,12.19970703125
2026-05-18,Zu hause,0.0,0.0,0.2001953125,0.0,0.0,5.9296875,12.2001953125
2026-05-19,Zu hause,5.8798828125,0.0,0.0,0.219970703125,10.02001953125,6.5,13.60009765625
2026-05-20,Zu hause,4.840087890625,0.0,0.0,0.1298828125,8.9599609375,5.60009765625,11.2998046875
2026-05-21,Zu hause,6.6297607421875,0.0,0.0,0.27001953125,6.1702880859375,5.2999267578125,12.60009765625
2026-05-22,Zu hause,5.820068359375,0.0,0.0,0.239990234375,23.47998046875,6.0,12.60009765625
2026-05-23,Zu hause,6.5302734375,0.0,0.0,0.2099609375,25.769775390625,6.800048828125,16.0
2026-05-24,Zu hause,4.1995849609375,0.0,0.0,0.070068359375,30.7003173828125,5.5999755859375,10.099609375
2026-05-25,Zu hause,3.660400390625,0.0,0.0,0.050048828125,32.6396484375,4.0,8.80029296875
2026-05-26,Zu hause,3.7799072265625,0.0,0.0,0.0400390625,36.4200439453125,4.0999755859375,9.0
2026-05-27,Zu hause,5.649658203125,0.0,0.0,0.169921875,27.850341796875,5.300048828125,16.19970703125
2026-05-28,Zu hause,4.7701416015625,0.0,0.0,0.110107421875,31.0299072265625,5.0999755859375,11.30029296875
2026-05-29,Zu hause,6.6397705078125,0.0,0.0,0.14990234375,31.7601318359375,5.4000244140625,13.2998046875
2026-05-30,Zu hause,5.7705078125,0.0,0.0,0.18994140625,24.2294921875,7.0,13.80029296875
2026-05-31,Zu hause,5.3096923828125,0.0,0.0,0.170166015625,20.9903564453125,6.0999755859375,12.39990234375
2026-06-01,Zu hause,7.31005859375,0.0,0.0,0.829833984375,10.389892578125,6.800048828125,13.89990234375
2026-06-02,Zu hause,5.66015625,0.0,0.0,0.16015625,27.83984375,5.5,13.0
2026-06-03,Zu hause,6.27978515625,0.0,0.0,0.25,4.22021484375,7.5,13.89990234375
2026-06-04,Zu hause,6.270263671875,0.0,0.0,0.179931640625,16.829833984375,4.699951171875,12.2001953125
2026-06-05,Zu hause,3.7801513671875,0.0,0.0,0.070068359375,5.1197509765625,6.5999755859375,8.60009765625
2026-06-06,Zu hause,4.0897216796875,0.0,0.0,0.059814453125,16.9102783203125,4.0999755859375,8.5
2026-06-07,Zu hause,3.869873046875,0.0,0.0,0.06005859375,14.0302734375,4.10009765625,8.599609375
2026-06-08,Zu hause,4.259521484375,0.0,0.0,0.090087890625,16.34033203125,4.39990234375,9.0
2026-06-09,Zu hause,5.25048828125,0.0,0.0,0.159912109375,12.449462890625,5.300048828125,11.60009765625
2026-06-10,Zu hause,6.399658203125,0.0,0.0,0.260009765625,24.400390625,6.0,13.0
2026-06-11,Zu hause,4.9705810546875,0.0,0.0,0.14990234375,18.7293701171875,6.9000244140625,11.80029296875
2026-06-12,Zu hause,5.389892578125,0.0,0.0,0.22021484375,21.310302734375,4.199951171875,13.0
2026-06-13,Zu hause,0.0,0.0,0.239990234375,0.0,0.0,5.17041015625,13.099609375
2026-06-14,Zu hause,8.070556640625,0.0,0.0,0.389892578125,8.7294921875,8.0,18.80029296875
2026-06-15,Zu hause,5.7000732421875,0.0,0.0,0.22998046875,8.7999267578125,8.0999755859375,14.0
2026-06-16,Zu hause,5.4998779296875,0.0,0.0,0.199951171875,6.8001708984375,4.4000244140625,11.10009765625
2026-06-17,Zu hause,5.6197509765625,0.0,0.0,0.16015625,11.3802490234375,6.4000244140625,12.599609375
2026-06-18,Zu hause,6.93994140625,0.0,0.0,0.309814453125,16.06005859375,4.89990234375,13.2001953125
2026-06-19,Zu hause,7.72021484375,0.0,0.0,0.16015625,22.27978515625,7.0,17.10009765625
2026-06-20,Zu hause,7.730224609375,0.0,0.0,0.119873046875,18.36962890625,8.10009765625,18.60009765625
2026-06-21,Zu hause,7.679443359375,0.0,0.0,0.14013671875,18.0205078125,8.89990234375,20.599609375
2026-06-22,Zu hause,6.66015625,0.0,0.0,0.27001953125,18.83984375,7.60009765625,13.7001953125
2026-06-23,Zu hause,7.070068359375,0.0,0.0,0.079833984375,29.830078125,6.5,14.0
2026-06-24,Zu hause,8.729736328125,0.0,0.0,0.260009765625,13.3701171875,7.89990234375,16.39990234375
2026-06-25,Zu hause,7.5401611328125,0.0,0.0,0.16015625,18.2598876953125,8.7000732421875,18.60009765625
2026-06-26,Zu hause,8.400390625,0.0,0.0,0.219970703125,20.099609375,8.0,17.60009765625
2026-06-27,Zu hause,8.4395751953125,0.0,0.0,0.08984375,23.2603759765625,8.5999755859375,16.2998046875
2026-06-28,Zu hause,6.179931640625,0.0,0.0,1.360107421875,19.520263671875,8.699951171875,17.5
2026-06-29,Zu hause,8.3802490234375,0.0,0.0,0.090087890625,22.7196044921875,5.9000244140625,15.39990234375
2026-06-30,Zu hause,8.3001708984375,0.0,0.0,1.10986328125,11.1998291015625,9.0999755859375,18.400390625
2026-07-01,Zu hause,5.7398681640625,0.0,0.0,0.1201171875,17.0601806640625,8.2000732421875,13.89990234375
2026-07-02,Zu hause,6.459716796875,0.0,0.0,0.099853515625,26.540283203125,7.199951171875,14.69970703125
2026-07-03,Zu hause,6.7099609375,0.0,0.0,0.130126953125,12.18994140625,6.0,15.60009765625
2026-07-04,Zu hause,4.6502685546875,0.0,0.0,0.119873046875,24.3497314453125,7.0999755859375,10.80029296875
2026-07-05,Zu hause,5.1204833984375,0.0,0.0,0.25,32.0797119140625,4.7000732421875,13.5
2026-07-06,Zu hause,5.0592041015625,0.0,0.0,0.14013671875,14.0406494140625,5.0999755859375,10.599609375
2026-07-07,Zu hause,5.180419921875,0.0,0.0,0.139892578125,15.61962890625,6.0,11.400390625
2026-07-08,Zu hause,5.06982421875,0.0,0.0,0.219970703125,25.630126953125,4.699951171875,10.89990234375
2026-07-09,Zu hause,0.0,0.0,0.380126953125,0.0,0.0,4.28955078125,13.60009765625
2026-07-10,Zu hause,4.6295166015625,0.0,0.0,0.1298828125,14.9705810546875,5.7999267578125,11.099609375
2026-07-11,Zu hause,3.7498779296875,0.0,0.0,0.050048828125,35.4500732421875,4.4000244140625,9.5
2026-07-12,Zu hause,4.1005859375,0.0,0.0,0.06005859375,33.49951171875,4.5,9.30029296875
2026-07-13,Zu hause,3.8094482421875,0.0,0.0,0.050048828125,35.2906494140625,4.0999755859375,9.2998046875
2026-07-14,Zu hause,5.280517578125,0.0,0.0,0.179931640625,31.219482421875,4.300048828125,13.5
2026-07-15,Zu hause,5.479248046875,0.0,0.0,0.169921875,21.820556640625,6.300048828125,15.60009765625
2026-07-16,Zu hause,5.6708984375,0.0,0.0,0.130126953125,29.42919921875,6.39990234375,12.2001953125
2026-07-17,Zu hause,5.2901611328125,0.0,0.0,0.179931640625,21.4100341796875,4.9000244140625,12.69970703125
2026-07-18,Zu hause,5.239013671875,0.0,0.0,0.260009765625,20.560791015625,5.300048828125,12.60009765625
2026-07-19,Zu hause,4.54052734375,0.0,0.0,0.10009765625,4.859375,6.0,10.2998046875
2026-07-20,Zu hause,7.68017578125,0.0,0.0,0.22998046875,13.7197265625,4.5,15.7001953125
2026-07-21,Zu hause,5.0504150390625,0.0,0.0,0.179931640625,1.1497802734375,8.9000244140625,10.7001953125
2026-07-22,Zu hause,4.899169921875,0.0,0.0,0.14990234375,27.000732421875,4.199951171875,11.39990234375
2026-07-23,Zu hause,5.2203369140625,0.0,0.0,0.14013671875,5.6795654296875,5.4000244140625,11.89990234375
2026-07-24,Zu hause,7.289794921875,0.0,0.0,0.219970703125,10.510498046875,6.699951171875,13.60009765625
2026-07-25,Zu hause,5.210205078125,0.0,0.0,0.090087890625,15.489501953125,6.300048828125,11.89990234375
2026-07-26,Zu hause,6.1590576171875,0.0,0.0,0.10986328125,23.8409423828125,5.5999755859375,15.39990234375
2026-07-27,Zu hause,4.720703125,0.0,0.0,0.159912109375,3.87939453125,7.5,10.39990234375
2026-07-28,Zu hause,5.2698974609375,0.0,0.0,0.10009765625,16.7301025390625,4.0999755859375,11.400390625
2026-07-29,Zu hause,4.480224609375,0.0,0.0,0.06005859375,27.419677734375,5.300048828125,13.7998046875
2026-07-30,Zu hause,4.7996826171875,0.0,0.0,0.08984375,30.9005126953125,4.5999755859375,10.39990234375
2026-07-31,Zu hause,6.0306396484375,0.0,0.0,0.16015625,8.0694580078125,5.5999755859375,12.30029296875
2026-08-01,Zu hause,4.5487060546875,0.0,0.0,0.1298828125,15.6510009765625,6.0999755859375,12.099609375
2026-08-02,Zu hause,6.20068359375,0.0,0.0,0.170166015625,27.79931640625,5.5,12.60009765625
2026-08-03,Zu hause,7.8504638671875,0.0,0.0,0.309814453125,18.5499267578125,7.2000732421875,19.0
2026-08-04,Zu hause,5.2694091796875,0.0,0.0,0.150146484375,23.4302978515625,7.0999755859375,11.7001953125
2026-08-05,Zu hause,6.220458984375,0.0,0.0,0.139892578125,12.479736328125,5.300048828125,13.60009765625
2026-08-06,Zu hause,5.49951171875,0.0,0.0,0.219970703125,18.80029296875,6.39990234375,12.5
2026-08-07,Zu hause,6.230224609375,0.0,0.0,0.16015625,18.570068359375,5.800048828125,12.099609375
2026-08-08,Zu hause,8.000244140625,0.0,0.0,0.1298828125,17.799560546875,6.300048828125,17.2001953125
2026-08-09,Zu hause,7.6800537109375,0.0,0.0,0.170166015625,21.5201416015625,9.0999755859375,16.0
2026-08-10,Zu hause,7.1202392578125,0.0,0.0,0.809814453125,14.6795654296875,8.9000244140625,15.39990234375
2026-08-11,Zu hause,5.13916015625,0.0,0.0,0.050048828125,25.86083984375,6.39990234375,10.5
2026-08-12,Zu hause,4.23974609375,0.0,0.0,0.070068359375,31.66015625,4.5,9.0
2026-08-13,Zu hause,4.2408447265625,0.0,0.0,0.050048828125,30.7591552734375,4.4000244140625,9.2001953125
2026-08-14,Zu hause,4.0697021484375,0.0,0.0,0.0498046875,30.8302001953125,4.5999755859375,9.10009765625
2026-08-15,Zu hause,3.9298095703125,0.0,0.0,0.050048828125,27.6702880859375,4.4000244140625,9.099609375
2026-08-16,Zu hause,3.960693359375,0.0,0.0,0.050048828125,8.939208984375,4.300048828125,8.400390625
2026-08-17,Zu hause,4.3599853515625,0.0,0.0,0.050048828125,24.1400146484375,4.4000244140625,9.0
2026-08-18,Zu hause,4.1800537109375,0.0,0.0,0.08984375,1.2203369140625,5.0999755859375,8.0
2026-08-19,Zu hause,0.099609375,3.6702880859375,2.699951171875,0.0,0.0,0.0,6.8203125
2026-08-20,Zu hause,0.0,0.0,0.080078125,0.0,0.0,2.1494140625,8.0
2026-08-21,Zu hause,3.64013671875,0.0,0.0,0.079833984375,14.4599609375,4.39990234375,8.39990234375
2026-08-22,Zu hause,4.3502197265625,0.0,0.0,0.050048828125,16.1497802734375,4.4000244140625,8.7001953125
2026-08-23,Zu hause,3.78955078125,0.0,0.0,0.050048828125,12.5107421875,4.5,8.099609375
2026-08-24,Zu hause,4.149658203125,0.0,0.0,0.06005859375,16.449951171875,4.300048828125,8.7001953125
2026-08-25,Zu hause,4.170654296875,0.0,0.0,0.050048828125,28.229736328125,4.199951171875,8.7998046875
2026-08-26,Zu hause,3.99951171875,0.0,0.0,0.0498046875,12.10009765625,4.5,8.30029296875
2026-08-27,Zu hause,4.09033203125,0.0,0.0,0.050048828125,20.10986328125,4.5,8.60009765625
2026-08-28,Zu hause,4.0003662109375,0.0,0.0,0.050048828125,16.1998291015625,4.0999755859375,8.2998046875
2026-08-29,Zu hause,0.0,0.0,0.510009765625,0.0,0.0,0.650390625,16.7998046875
2026-08-30,Zu hause,7.2197265625,0.0,0.0,0.39990234375,5.080078125,9.5,14.400390625
2026-08-31,Zu hause,0.0,0.0,0.360107421875,0.0,0.0,3.6201171875,17.5
2026-09-01,Zu hause,0.0,0.0,0.22998046875,0.0,0.0,7.31005859375,12.89990234375
2026-09-02,Zu hause,4.650146484375,0.0,0.0,0.110107421875,0.349853515625,6.300048828125,9.69970703125
2026-09-03,Zu hause,5.929931640625,0.0,0.0,0.1298828125,14.670166015625,5.699951171875,10.7001953125
2026-09-04,Zu hause,0.0,0.0,0.179931640625,0.0,0.0,3.080078125,11.2998046875
2026-09-05,Zu hause,4.620361328125,0.0,0.0,0.170166015625,1.379638671875,6.099853515625,9.7001953125
2026-09-06,Zu hause,6.5498046875,0.0,0.0,0.2099609375,8.4501953125,6.0,14.5
2026-09-07,Zu hause,5.399658203125,0.0,0.0,0.1298828125,21.100341796875,5.900146484375,11.39990234375
2026-09-08,Zu hause,6.669921875,0.0,0.0,0.239990234375,14.02978515625,5.2998046875,14.39990234375
2026-09-09,Zu hause,5.010009765625,0.0,0.0,0.190185546875,6.190185546875,7.400146484375,9.10009765625
2026-09-10,Zu hause,8.130615234375,0.0,0.0,0.199951171875,7.369384765625,5.699951171875,14.5
2026-09-11,Zu hause,8.52978515625,0.0,0.0,0.260009765625,8.8701171875,9.5,16.0
2026-09-12,Zu hause,6.449951171875,0.0,0.0,0.1298828125,3.350341796875,7.199951171875,12.89990234375
2026-09-13,Zu hause,0.0,0.0,0.22998046875,0.0,0.0,8.12939453125,12.30029296875
2026-09-14,Zu hause,0.19970703125,7.8201904296875,1.89990234375,0.0,0.0,0.0,6.8701171875
2026-09-15,Zu hause,5.9794921875,0.0,0.0,3.080078125,0.4208984375,8.89990234375,11.19970703125
2026-09-16,Zu hause,6.290771484375,0.0,0.0,0.099853515625,15.709228515625,5.800048828125,12.60009765625
2026-09-17,Zu hause,6.089111328125,0.0,0.0,0.25,4.910888671875,6.199951171875,10.89990234375
2026-09-18,Zu hause,5.640380859375,0.0,0.0,0.10009765625,2.259521484375,6.400146484375,10.30029296875
2026-09-19,Zu hause,0.0,0.0,0.429931640625,0.0,0.0,0.27978515625,18.60009765625
2026-09-20,Zu hause,0.0,0.0,1.530029296875,0.0,0.0,1.39990234375,15.89990234375
2026-09-20,Zu hause,0.0,0.10009765625,0.0,0.0,0.0,0.0,0.0
