;;ProduzierteWärme;ProduzierteWärme;ProduzierteWärme;ProduzierteWärme;ProduzierteWärme;ProduzierteWärme;ProduzierteWärme;ProduzierteWärme;ProduzierteWärme;ProduzierteWärme;VerbrauchteEnergie;VerbrauchteEnergie;VerbrauchteEnergie;VerbrauchteEnergie;VerbrauchteEnergie;VerbrauchteEnergie;VerbrauchteEnergie;VerbrauchteEnergie;VerbrauchteEnergie;Sensoren;Sensoren;
;;Gesamt;Heizung;Kühlung;Warmwasser;Pool;Gesamt;Heizung;Kühlung;Warmwasser;Pool;Gesamt;Heizung;Kühlung;Warmwasser;Pool;Gesamt;Heizung;Warmwasser;Pool;;;
Kategorie;Zeitstempel;Wärmepumpe(kWh);Wärmepumpe(kWh);Wärmepumpe(kWh);Wärmepumpe(kWh);Wärmepumpe(kWh);Umgebung(kWh);Umgebung(kWh);Umgebung(kWh);Umgebung(kWh);Umgebung(kWh);Wärmepumpe(kWh);Wärmepumpe(kWh);Wärmepumpe(kWh);Wärmepumpe(kWh);Wärmepumpe(kWh);ElektrischerZuheizer(kWh);ElektrischerZuheizer(kWh);ElektrischerZuheizer(kWh);ElektrischerZuheizer(kWh);Außentemperatur(C);Vorlauftemperatur(C);
Stunde;2026-04-09T00:00;0,2;0,2;0;0;0;1;1;0;0;0;0,2;0,2;0;0;0;0;0;0;0;14,3;24,6;
Stunde;2026-04-09T01:00;0;0;0;0;0;-;-;0;0;0;0;0;0;0;0;0;0;0;0;13;25,4;
Stunde;2026-04-09T02:00;0,1;0,1;0;0;0;0,3;0,3;0;0;0;0,1;0,1;0;0;0;0;0;0;0;12;23,6;
Stunde;2026-04-09T03:00;0,2;0,2;0;0;0;0,7;0,7;0;0;0;0,2;0,2;0;0;0;0;0;0;0;11,1;28,1;
Stunde;2026-04-09T04:00;0,3;0,3;0;0;0;1,1;1,1;0;0;0;0,3;0,3;0;0;0;0;0;0;0;10,5;27,7;
Stunde;2026-04-09T05:00;0,6;0,6;0;0;0;2,5;2,5;0;0;0;0,6;0,6;0;0;0;0;0;0;0;9,8;35,9;
Stunde;2026-04-09T06:00;0,6;0,6;0;0;0;2,1;2,1;0;0;0;0,6;0,6;0;0;0;0;0;0;0;9,8;37;
Stunde;2026-04-09T07:00;0,3;0,3;0;0;0;1;1;0;0;0;0,3;0,3;0;0;0;0;0;0;0;9,5;34,6;
Stunde;2026-04-09T08:00;0,5;0,5;0;0;0;2,2;2,2;0;0;0;0,5;0,5;0;0;0;0;0;0;0;10,7;36,1;
Stunde;2026-04-09T09:00;0,4;0,4;0;0;0;1,7;1,7;0;0;0;0,4;0,4;0;0;0;0;0;0;0;12,6;35,6;
Stunde;2026-04-09T10:00;0,3;0,3;0;0;0;1;1;0;0;0;0,3;0,3;0;0;0;0;0;0;0;13,7;31,7;
Stunde;2026-04-09T11:00;0,2;0,2;0;0;0;0,9;0,9;0;0;0;0,2;0,2;0;0;0;0;0;0;0;14,9;31;
Stunde;2026-04-09T12:00;0,2;0,2;0;0;0;1;1;0;0;0;0,2;0,2;0;0;0;0;0;0;0;17,2;30,1;
Stunde;2026-04-09T13:00;0;0;0;0;0;-;-;0;0;0;0;0;0;0;0;0;0;0;0;18,8;28,6;
Stunde;2026-04-09T14:00;0;0;0;0;0;-;-;0;0;0;0;0;0;0;0;0;0;0;0;20,2;26,2;
Stunde;2026-04-09T15:00;0;0;0;0;0;-;-;0;0;0;0;0;0;0;0;0;0;0;0;21,4;26,1;
Stunde;2026-04-09T16:00;0;0;0;0;0;-;-;0;0;0;0;0;0;0;0;0;0;0;0;21,8;26,1;
Stunde;2026-04-09T17:00;0;0;0;0;0;-;-;0;0;0;0;0;0;0;0;0;0;0;0;21,7;25,9;
Stunde;2026-04-09T18:00;0;0;0;0;0;-;-;0;0;0;0;0;0;0;0;0;0;0;0;21,2;25,8;
Stunde;2026-04-09T19:00;0;0;0;0;0;-;-;0;0;0;0;0;0;0;0;0;0;0;0;20,6;25,5;
Stunde;2026-04-09T20:00;0;0;0;0;0;-;-;0;0;0;0;0;0;0;0;0;0;0;0;19,4;25,3;
Stunde;2026-04-09T21:00;0;0;0;0;0;-;-;0;0;0;0;0;0;0;0;0;0;0;0;18,7;25;
Stunde;2026-04-09T22:00;0;0;0;0;0;-;-;0;0;0;0;0;0;0;0;0;0;0;0;18;24,7;
Stunde;2026-04-09T23:00;0;0;0;0;0;-;-;0;0;0;0;0;0;0;0;0;0;0;0;17,4;24,5;
Stunde;2026-04-10T00:00;0;0;0;0;0;-;-;0;0;0;0;0;0;0;0;0;0;0;0;16,8;24,1;
Stunde;2026-04-10T01:00;0;0;0;0;0;-;-;0;0;0;0;0;0;0;0;0;0;0;0;16,3;23,8;
Stunde;2026-04-10T02:00;0;0;0;0;0;-;-;0;0;0;0;0;0;0;0;0;0;0;0;14,5;23,4;
Stunde;2026-04-10T03:00;0,2;0,2;0;0;0;1,1;1,1;0;0;0;0,2;0,2;0;0;0;0;0;0;0;13,7;24,5;
Stunde;2026-04-10T04:00;0,1;0,1;0;0;0;0,1;0,1;0;0;0;0,1;0,1;0;0;0;0;0;0;0;12,6;25;
Stunde;2026-04-10T05:00;0,6;0,6;0;0;0;2,7;2,7;0;0;0;0,6;0,6;0;0;0;0;0;0;0;11,9;33,4;
Stunde;2026-04-10T06:00;0,3;0,3;0;0;0;1,1;1,1;0;0;0;0,3;0,3;0;0;0;0;0;0;0;11,2;32,7;
Stunde;2026-04-10T07:00;0,5;0,5;0;0;0;1,6;1,6;0;0;0;0,4;0,4;0;0;0;0;0;0;0;11,1;34,1;
Stunde;2026-04-10T08:00;0,5;0,6;0;0;0;1,8;1,8;0;0;0;0,6;0,6;0;0;0;0;0;0;0;10,8;36,4;
Stunde;2026-04-10T09:00;0,2;0,2;0;0;0;0,7;0,7;0;0;0;0,2;0,2;0;0;0;0;0;0;0;10,8;33,7;
Stunde;2026-04-10T10:00;0,5;0,5;0;0;0;2;2;0;0;0;0,6;0,6;0;0;0;0;0;0;0;11,9;36,5;
Stunde;2026-04-10T11:00;0,1;0,1;0;0;0;0,2;0,2;0;0;0;0,1;0,1;0;0;0;0;0;0;0;12,8;34,3;
Stunde;2026-04-10T12:00;0,3;0,3;0;0;0;1;1;0;0;0;0,3;0,3;0;0;0;0;0;0;0;13,3;33,1;
Stunde;2026-04-10T13:00;0,3;0,3;0;0;0;0,9;0,9;0;0;0;0,3;0,3;0;0;0;0;0;0;0;14,5;31,7;
Stunde;2026-04-10T14:00;0,2;0,2;0;0;0;0,5;0,5;0;0;0;0,2;0,2;0;0;0;0;0;0;0;15,7;29,2;
Stunde;2026-04-10T15:00;0,1;0,1;0;0;0;0,4;0,4;0;0;0;0,1;0,1;0;0;0;0;0;0;0;15,8;30,3;
Stunde;2026-04-10T16:00;0,2;0,2;0;0;0;0,9;0,9;0;0;0;0,2;0,2;0;0;0;0;0;0;0;16,2;29,7;
Stunde;2026-04-10T17:00;0,1;0,1;0;0;0;0,4;0,4;0;0;0;0,1;0,1;0;0;0;0;0;0;0;16,2;27,8;
Stunde;2026-04-10T18:00;0;0;0;0;0;-;-;0;0;0;0;0;0;0;0;0;0;0;0;15,4;29,8;
Stunde;2026-04-10T19:00;0,3;0,3;0;0;0;1,1;1,1;0;0;0;0,3;0,3;0;0;0;0;0;0;0;14,1;30,5;
Stunde;2026-04-10T20:00;0,3;0,3;0;0;0;1;1;0;0;0;0,3;0,3;0;0;0;0;0;0;0;13,3;31,4;
Stunde;2026-04-10T21:00;0,3;0,3;0;0;0;0,9;0,9;0;0;0;0,3;0,3;0;0;0;0;0;0;0;12,9;31,5;
Stunde;2026-04-10T22:00;0;0;0;0;0;-;-;0;0;0;0;0;0;0;0;0;0;0;0;12;29,8;
Stunde;2026-04-10T23:00;0;0;0;0;0;-;-;0;0;0;0;0;0;0;0;0;0;0;0;10,6;25,7;
Stunde;2026-04-11T00:00;0,3;0,3;0;0;0;1;1;0;0;0;0,3;0,3;0;0;0;0;0;0;0;9,8;28,6;
Stunde;2026-04-11T01:00;0,3;0,3;0;0;0;1;1;0;0;0;0,3;0,3;0;0;0;0;0;0;0;9,1;28,5;
Stunde;2026-04-11T02:00;0,3;0,3;0;0;0;0,9;0,9;0;0;0;0,3;0,3;0;0;0;0;0;0;0;8,6;28,4;
Stunde;2026-04-11T03:00;0,2;0,2;0;0;0;0,7;0,7;0;0;0;0,2;0,2;0;0;0;0;0;0;0;7,9;29;
Stunde;2026-04-11T04:00;0,2;0,2;0;0;0;0,6;0,6;0;0;0;0,2;0,2;0;0;0;0;0;0;0;7,5;29,4;
Stunde;2026-04-11T05:00;0,7;0,7;0;0;0;2,5;2,5;0;0;0;0,7;0,7;0;0;0;0;0;0;0;7,3;34,5;
Stunde;2026-04-11T06:00;0,7;0,7;0;0;0;2,3;2,3;0;0;0;0,7;0,7;0;0;0;0;0;0;0;7,3;37,4;
Stunde;2026-04-11T07:00;0,6;0,6;0;0;0;2,1;2,2;0;0;0;0,6;0,6;0;0;0;0;0;0;0;7,4;37,5;
Stunde;2026-04-11T08:00;0,6;0,6;0;0;0;2,2;2,2;0;0;0;0,6;0,6;0;0;0;0;0;0;0;8,7;37,6;
Stunde;2026-04-11T09:00;0,4;0,4;0;0;0;1,3;1,3;0;0;0;0,4;0,4;0;0;0;0;0;0;0;11;36,9;
Stunde;2026-04-11T10:00;0,3;0,3;0;0;0;1,2;1,2;0;0;0;0,3;0,3;0;0;0;0;0;0;0;13;33,9;
Stunde;2026-04-11T11:00;0,2;0,2;0;0;0;0,9;0,9;0;0;0;0,2;0,2;0;0;0;0;0;0;0;14,7;31,9;
Stunde;2026-04-11T12:00;0;0;0;0;0;-;-;0;0;0;0;0;0;0;0;0;0;0;0;16,5;29,2;
Stunde;2026-04-11T13:00;0,2;0,2;0;0;0;1;1;0;0;0;0,2;0,2;0;0;0;0;0;0;0;17,8;31,3;
Stunde;2026-04-11T14:00;0;0;0;0;0;-;-;0;0;0;0;0;0;0;0;0;0;0;0;18,7;28;
Stunde;2026-04-11T15:00;0;0;0;0;0;-;-;0;0;0;0;0;0;0;0;0;0;0;0;19,3;27,7;
Stunde;2026-04-11T16:00;0;0;0;0;0;-;-;0;0;0;0;0;0;0;0;0;0;0;0;19,9;27,7;
Stunde;2026-04-11T17:00;0;0;0;0;0;-;-;0;0;0;0;0;0;0;0;0;0;0;0;19,6;27,6;
Stunde;2026-04-11T18:00;0;0;0;0;0;-;-;0;0;0;0;0;0;0;0;0;0;0;0;18,4;27,3;
Stunde;2026-04-11T19:00;0;0;0;0;0;-;-;0;0;0;0;0;0;0;0;0;0;0;0;17,1;26,8;
Stunde;2026-04-11T20:00;0;0;0;0;0;-;-;0;0;0;0;0;0;0;0;0;0;0;0;15,5;26,2;
Stunde;2026-04-11T21:00;-;-;-;-;-;-;-;-;-;-;-;-;-;-;-;-;-;-;-;-;-;
Stunde;2026-04-11T22:00;-;-;-;-;-;-;-;-;-;-;-;-;-;-;-;-;-;-;-;-;-;
Stunde;2026-04-11T23:00;-;-;-;-;-;-;-;-;-;-;-;-;-;-;-;-;-;-;-;-;-;
Tag;2026-02-01;19,1;19,1;0;0;0;56,6;56,6;0;0;0;19,1;19,1;0;0;0;0;0;0;0;5,2;37,9;
Tag;2026-02-02;19;19;0;0;0;55,8;55,8;0;0;0;19;19;0;0;0;0;0;0;0;5,1;37,7;
Tag;2026-02-03;24;24;0;0;0;63,1;63,1;0;0;0;24;24;0;0;0;0;0;0;0;2,8;40;
Tag;2026-02-04;19,7;19,7;0;0;0;57,5;57,5;0;0;0;19,7;19,7;0;0;0;0;0;0;0;5,4;38,3;
Tag;2026-02-05;20,5;20,5;0;0;0;57,8;57,8;0;0;0;20,5;20,5;0;0;0;0;0;0;0;4,7;38,5;
Tag;2026-02-06;20,6;20,6;0;0;0;57,3;57,3;0;0;0;20,6;20,6;0;0;0;0;0;0;0;4,5;38,6;
Tag;2026-02-07;14,6;14,6;0;0;0;47,8;47,8;0;0;0;14,6;14,6;0;0;0;0;0;0;0;8,1;35,8;
Tag;2026-02-08;17,6;17,6;0;0;0;54,2;54,2;0;0;0;17,6;17,6;0;0;0;0;0;0;0;5,6;38;
Tag;2026-02-09;21,4;21,4;0;0;0;56;56;0;0;0;21,4;21,4;0;0;0;0;0;0;0;4,3;38,8;
Tag;2026-02-10;18,7;18,7;0;0;0;52,6;52,6;0;0;0;18,7;18,7;0;0;0;0;0;0;0;6;37,3;
Tag;2026-02-11;12,4;12,4;0;0;0;43,7;43,7;0;0;0;12,4;12,4;0;0;0;0;0;0;0;9,5;35,1;
Tag;2026-02-12;12,1;12,1;0;0;0;44,4;44,4;0;0;0;12,1;12,1;0;0;0;0;0;0;0;9,1;36,5;
Tag;2026-02-13;15,7;15,7;0;0;0;49;49;0;0;0;15,7;15,7;0;0;0;0;0;0;0;7,1;36,8;
Tag;2026-02-14;24,4;24,4;0;0;0;58,3;58,3;0;0;0;24,4;24,4;0;0;0;0;0;0;0;2,9;39,9;
Tag;2026-02-15;28,3;28,3;0;0;0;63,9;63,9;0;0;0;28,3;28,3;0;0;0;0;0;0;0;1,5;41,7;
Tag;2026-02-16;21,4;21,4;0;0;0;56,7;56,7;0;0;0;21,4;21,4;0;0;0;0;0;0;0;4,5;38,7;
Tag;2026-02-17;20,1;20,1;0;0;0;55,1;55,1;0;0;0;20,1;20,1;0;0;0;0;0;0;0;5,2;38,1;
Tag;2026-02-18;20,7;20,7;0;0;0;56,2;56,2;0;0;0;20,7;20,7;0;0;0;0;0;0;0;4,3;38,7;
Tag;2026-02-19;25,3;25,3;0;0;0;61,3;61,3;0;0;0;25,3;25,3;0;0;0;0;0;0;0;2,9;39,9;
Tag;2026-02-20;22;22;0;0;0;59,8;59,8;0;0;0;22;22;0;0;0;0;0;0;0;4,1;39,1;
Tag;2026-02-21;13,3;13,3;0;0;0;51,9;51,9;0;0;0;13,3;13,3;0;0;0;0;0;0;0;9,3;36,3;
Tag;2026-02-22;9,3;9,3;0;0;0;37,5;37,5;0;0;0;9,3;9,3;0;0;0;0;0;0;0;11,5;34,4;
Tag;2026-02-23;11,2;11,2;0;0;0;41,5;41,5;0;0;0;11,2;11,2;0;0;0;0;0;0;0;10,3;35,4;
Tag;2026-02-24;9;9;0;0;0;34,8;34,8;0;0;0;9;9;0;0;0;0;0;0;0;10,8;33,5;
Tag;2026-02-25;6,4;6,4;0;0;0;24,4;24,4;0;0;0;6,4;6,4;0;0;0;0;0;0;0;12;30,6;
Tag;2026-02-26;6,4;6,4;0;0;0;24,8;24,8;0;0;0;6,4;6,4;0;0;0;0;0;0;0;13;30,5;
Tag;2026-02-27;4,9;4,9;0;0;0;18,7;18,7;0;0;0;4,9;4,9;0;0;0;0;0;0;0;14,5;29,2;
Tag;2026-02-28;7,1;7,1;0;0;0;27,2;27,2;0;0;0;7,1;7,1;0;0;0;0;0;0;0;12,4;31;
Tag;2026-03-01;9,9;9,9;0;0;0;31,7;31,7;0;0;0;9,9;9,9;0;0;0;0;0;0;0;10,3;32,9;
Tag;2026-03-02;8,4;8,4;0;0;0;29,2;29,2;0;0;0;8,4;8,4;0;0;0;0;0;0;0;10,8;32;
Tag;2026-03-03;7,3;7,3;0;0;0;25,6;25,6;0;0;0;7,3;7,3;0;0;0;0;0;0;0;12,1;31,2;
Tag;2026-03-04;8,4;8,4;0;0;0;28,1;28,1;0;0;0;8,4;8,4;0;0;0;0;0;0;0;11,8;31,3;
Tag;2026-03-05;7,1;7,1;0;0;0;26;26;0;0;0;7,2;7,2;0;0;0;0;0;0;0;12;31,2;
Tag;2026-03-06;6,9;6,9;0;0;0;25,5;25,5;0;0;0;6,9;6,9;0;0;0;0;0;0;0;12,4;30,4;
Tag;2026-03-07;7,1;7,1;0;0;0;25,7;25,7;0;0;0;7,1;7,1;0;0;0;0;0;0;0;12,4;30,8;
Tag;2026-03-08;6,6;6,6;0;0;0;21,9;21,9;0;0;0;6,6;6,6;0;0;0;0;0;0;0;12,7;29,3;
Tag;2026-03-09;6,2;6,2;0;0;0;21,8;21,8;0;0;0;6,2;6,2;0;0;0;0;0;0;0;13,2;29,6;
Tag;2026-03-10;7;7;0;0;0;25,9;25,9;0;0;0;7;7;0;0;0;0;0;0;0;12;31,3;
Tag;2026-03-11;8,5;8,5;0;0;0;32,4;32,4;0;0;0;8,4;8,4;0;0;0;0;0;0;0;10,6;32,6;
Tag;2026-03-12;8,9;8,9;0;0;0;31;31;0;0;0;8,9;8,9;0;0;0;0;0;0;0;10,5;32,6;
Tag;2026-03-13;10,6;10,6;0;0;0;39,5;39,5;0;0;0;10,6;10,6;0;0;0;0;0;0;0;9,3;33,7;
Tag;2026-03-14;17;17;0;0;0;46,5;46,5;0;0;0;17;17;0;0;0;0;0;0;0;6,3;36,5;
Tag;2026-03-15;12,8;12,8;0;0;0;40;40;0;0;0;12,8;12,8;0;0;0;0;0;0;0;8,1;35;
Tag;2026-03-16;11;11;0;0;0;37,9;37,9;0;0;0;11;11;0;0;0;0;0;0;0;9,2;34;
Tag;2026-03-17;8,7;8,7;0;0;0;33,1;33,1;0;0;0;8,7;8,7;0;0;0;0;0;0;0;10,5;32,5;
Tag;2026-03-18;8,1;8,1;0;0;0;29;29;0;0;0;8,1;8,1;0;0;0;0;0;0;0;11,1;31,7;
Tag;2026-03-19;7,4;7,4;0;0;0;24,3;24,3;0;0;0;7,4;7,4;0;0;0;0;0;0;0;12,3;31;
Tag;2026-03-20;7,8;7,8;0;0;0;26,9;26,9;0;0;0;7,8;7,8;0;0;0;0;0;0;0;11,9;31,1;
Tag;2026-03-21;7,8;7,8;0;0;0;26,4;26,4;0;0;0;7,8;7,8;0;0;0;0;0;0;0;11,9;31,6;
Tag;2026-03-22;7,9;7,9;0;0;0;26,3;26,3;0;0;0;7,9;7,9;0;0;0;0;0;0;0;11,5;31,8;
Tag;2026-03-23;7,3;7,3;0;0;0;23,8;23,8;0;0;0;7,3;7,3;0;0;0;0;0;0;0;12,3;30,8;
Tag;2026-03-24;6,5;6,5;0;0;0;23,3;23,3;0;0;0;6,5;6,5;0;0;0;0;0;0;0;12,8;30,2;
Tag;2026-03-25;9,7;9,7;0;0;0;34,8;34,8;0;0;0;9,7;9,7;0;0;0;0;0;0;0;10,3;33,1;
Tag;2026-03-26;13,9;13,9;0;0;0;40,2;40,2;0;0;0;13,9;13,9;0;0;0;0;0;0;0;7,4;35,4;
Tag;2026-03-27;13;13;0;0;0;36,4;36,4;0;0;0;13;13;0;0;0;0;0;0;0;8,4;34,5;
Tag;2026-03-28;9,5;9,5;0;0;0;32,6;32,6;0;0;0;9,6;9,6;0;0;0;0;0;0;0;8,5;31,9;
Tag;2026-03-29;9;9;0;0;0;30,1;30,1;0;0;0;9,1;9,1;0;0;0;0;0;0;0;9,7;31;
Tag;2026-03-30;9,3;9,3;0;0;0;32,9;32,9;0;0;0;9,3;9,3;0;0;0;0;0;0;0;9;31,4;
Tag;2026-03-31;11,3;11,3;0;0;0;35,9;35,9;0;0;0;11,3;11,3;0;0;0;0;0;0;0;8,6;31,9;
Tag;2026-04-01;9,4;9,4;0;0;0;30,8;30,8;0;0;0;9,4;9,4;0;0;0;0;0;0;0;10;30,6;
Tag;2026-04-02;10,2;10,2;0;0;0;34,7;34,7;0;0;0;10,2;10,2;0;0;0;0;0;0;0;8,6;31,8;
Tag;2026-04-03;9,6;9,6;0;0;0;34,5;34,5;0;0;0;9,6;9,6;0;0;0;0;0;0;0;10,8;32,1;
Tag;2026-04-04;6,1;6,1;0;0;0;25,5;25,5;0;0;0;6,1;6,1;0;0;0;0;0;0;0;13,3;29,9;
Tag;2026-04-05;5,6;5,6;0;0;0;22;22;0;0;0;5,6;5,6;0;0;0;0;0;0;0;13,2;29,9;
Tag;2026-04-06;7,2;7,2;0;0;0;24,6;24,6;0;0;0;7,2;7,2;0;0;0;0;0;0;0;12,7;30,8;
Tag;2026-04-07;6,4;6,4;0;0;0;21,3;21,3;0;0;0;6,4;6,4;0;0;0;0;0;0;0;13,5;29,3;
Tag;2026-04-08;4,8;4,8;0;0;0;16,2;16,2;0;0;0;4,8;4,8;0;0;0;0;0;0;0;15,3;28,7;
Tag;2026-04-09;4,4;4,4;0;0;0;15,2;15,2;0;0;0;4,4;4,4;0;0;0;0;0;0;0;15,8;28,6;
Tag;2026-04-10;5,3;5,3;0;0;0;18,1;18,1;0;0;0;5,3;5,3;0;0;0;0;0;0;0;13,5;30,1;
Tag;2026-04-11;5,2;5,2;0;0;0;17,6;17,6;0;0;0;5,2;5,2;0;0;0;0;0;0;0;13,1;30,7;
Tag;2026-04-12;-;-;-;-;-;-;-;-;-;-;-;-;-;-;-;-;-;-;-;-;-;
Tag;2026-04-13;-;-;-;-;-;-;-;-;-;-;-;-;-;-;-;-;-;-;-;-;-;
Tag;2026-04-14;-;-;-;-;-;-;-;-;-;-;-;-;-;-;-;-;-;-;-;-;-;
Tag;2026-04-15;-;-;-;-;-;-;-;-;-;-;-;-;-;-;-;-;-;-;-;-;-;
Tag;2026-04-16;-;-;-;-;-;-;-;-;-;-;-;-;-;-;-;-;-;-;-;-;-;
Tag;2026-04-17;-;-;-;-;-;-;-;-;-;-;-;-;-;-;-;-;-;-;-;-;-;
Tag;2026-04-18;-;-;-;-;-;-;-;-;-;-;-;-;-;-;-;-;-;-;-;-;-;
Tag;2026-04-19;-;-;-;-;-;-;-;-;-;-;-;-;-;-;-;-;-;-;-;-;-;
Tag;2026-04-20;-;-;-;-;-;-;-;-;-;-;-;-;-;-;-;-;-;-;-;-;-;
Tag;2026-04-21;-;-;-;-;-;-;-;-;-;-;-;-;-;-;-;-;-;-;-;-;-;
Tag;2026-04-22;-;-;-;-;-;-;-;-;-;-;-;-;-;-;-;-;-;-;-;-;-;
Tag;2026-04-23;-;-;-;-;-;-;-;-;-;-;-;-;-;-;-;-;-;-;-;-;-;
Tag;2026-04-24;-;-;-;-;-;-;-;-;-;-;-;-;-;-;-;-;-;-;-;-;-;
Tag;2026-04-25;-;-;-;-;-;-;-;-;-;-;-;-;-;-;-;-;-;-;-;-;-;
Tag;2026-04-26;-;-;-;-;-;-;-;-;-;-;-;-;-;-;-;-;-;-;-;-;-;
Tag;2026-04-27;-;-;-;-;-;-;-;-;-;-;-;-;-;-;-;-;-;-;-;-;-;
Tag;2026-04-28;-;-;-;-;-;-;-;-;-;-;-;-;-;-;-;-;-;-;-;-;-;
Tag;2026-04-29;-;-;-;-;-;-;-;-;-;-;-;-;-;-;-;-;-;-;-;-;-;
Tag;2026-04-30;-;-;-;-;-;-;-;-;-;-;-;-;-;-;-;-;-;-;-;-;-;
Monat;2024-01;-;-;-;-;-;-;-;-;-;-;-;-;-;-;-;-;-;-;-;-;-;
Monat;2024-02;-;-;-;-;-;-;-;-;-;-;-;-;-;-;-;-;-;-;-;-;-;
Monat;2024-03;-;-;-;-;-;-;-;-;-;-;-;-;-;-;-;-;-;-;-;-;-;
Monat;2024-04;-;-;-;-;-;-;-;-;-;-;-;-;-;-;-;-;-;-;-;-;-;
Monat;2024-05;-;-;-;-;-;-;-;-;-;-;-;-;-;-;-;-;-;-;-;-;-;
Monat;2024-06;-;-;-;-;-;-;-;-;-;-;-;-;-;-;-;-;-;-;-;-;-;
Monat;2024-07;-;-;-;-;-;-;-;-;-;-;-;-;-;-;-;-;-;-;-;-;-;
Monat;2024-08;-;-;-;-;-;-;-;-;-;-;-;-;-;-;-;-;-;-;-;-;-;
Monat;2024-09;-;-;-;-;-;-;-;-;-;-;-;-;-;-;-;-;-;-;-;-;-;
Monat;2024-10;-;-;-;-;-;-;-;-;-;-;-;-;-;-;-;-;-;-;-;-;-;
Monat;2024-11;-;-;-;-;-;-;-;-;-;-;-;-;-;-;-;-;-;-;-;-;-;
Monat;2024-12;-;-;-;-;-;-;-;-;-;-;-;-;-;-;-;-;-;-;-;-;-;
Monat;2025-01;-;-;-;-;-;-;-;-;-;-;-;-;-;-;-;-;-;-;-;-;-;
Monat;2025-02;-;-;-;-;-;-;-;-;-;-;-;-;-;-;-;-;-;-;-;-;-;
Monat;2025-03;41;41;0;0;0;129;129;0;0;0;40;40;0;0;0;1;1;0;0;12,2;34,9;
Monat;2025-04;216;216;0;0;0;272;272;0;0;0;110;110;0;0;0;106;106;0;0;14,7;28,3;
Monat;2025-05;61;61;0;0;0;4;4;0;0;0;28;28;0;0;0;33;33;0;0;17,8;21,1;
Monat;2025-06;0;0;0;0;0;-;-;0;0;0;18;18;0;0;0;0;0;0;0;22,4;19,3;
Monat;2025-07;0;0;0;0;0;-;-;0;0;0;18;18;0;0;0;0;0;0;0;22,6;21,1;
Monat;2025-08;0;0;0;0;0;-;-;0;0;0;19;19;0;0;0;0;0;0;0;22,3;21,6;
Monat;2025-09;0;0;0;0;0;-;-;0;0;0;18;18;0;0;0;0;0;0;0;17,6;20,6;
Monat;2025-10;103;103;0;0;0;336;336;0;0;0;103;103;0;0;0;0;0;0;0;12,9;24,7;
Monat;2025-11;382,2;382,2;0;0;0;1.153,2;1.153,2;0;0;0;382,2;382,2;0;0;0;0;0;0;0;8,5;34,4;
Monat;2025-12;553,4;553,4;0;0;0;1.581,8;1.581,8;0;0;0;553,4;553,4;0;0;0;0;0;0;0;6,3;37,2;
Monat;2026-01;752;752;0;0;0;1.868;1.868;0;0;0;752;752;0;0;0;0;0;0;0;3,4;39,7;
Monat;2026-02;465,3;465,3;0;0;0;1.367,5;1.367,5;0;0;0;465,3;465,3;0;0;0;0;0;0;0;7;36,6;
Monat;2026-03;280,9;280,9;0;0;0;944,6;944,6;0;0;0;280,9;280,9;0;0;0;0;0;0;0;10,6;32,1;
Monat;2026-04;74,1;74,1;0;0;0;260,5;260,5;0;0;0;74,1;74,1;0;0;0;0;0;0;0;12,7;30,2;
Monat;2026-05;-;-;-;-;-;-;-;-;-;-;-;-;-;-;-;-;-;-;-;-;-;
Monat;2026-06;-;-;-;-;-;-;-;-;-;-;-;-;-;-;-;-;-;-;-;-;-;
Monat;2026-07;-;-;-;-;-;-;-;-;-;-;-;-;-;-;-;-;-;-;-;-;-;
Monat;2026-08;-;-;-;-;-;-;-;-;-;-;-;-;-;-;-;-;-;-;-;-;-;
Monat;2026-09;-;-;-;-;-;-;-;-;-;-;-;-;-;-;-;-;-;-;-;-;-;
Monat;2026-10;-;-;-;-;-;-;-;-;-;-;-;-;-;-;-;-;-;-;-;-;-;
Monat;2026-11;-;-;-;-;-;-;-;-;-;-;-;-;-;-;-;-;-;-;-;-;-;
Monat;2026-12;-;-;-;-;-;-;-;-;-;-;-;-;-;-;-;-;-;-;-;-;-;
